{"cameraMode":{"drawMode":0,"name":"Shaded","section":"Shading Mode"},"sceneLighting":false,"audioPlay":false,"sceneViewState":{"showFog":true,"showMaterialUpdate":false,"showSkybox":false,"showFlares":true,"showImageEffects":true,"showParticleSystems":true},"in2DMode":false,"pivot":{"x":-0.36015868186950686,"y":1.4088890552520753,"z":0.0},"rotation":{"x":-0.0010317681590095163,"y":0.9904651641845703,"z":-0.13755939900875092,"w":-0.007428636774420738},"size":8.981853485107422,"orthographic":false}